experiment,epoch,learning_rate,hidden_size,activation,train_loss,test_loss,train_accuracy,test_accuracy,gradient_norm,update_norm
lr_too_small,1,0.005,10,tanh,0.5844193859669216,0.5728362618169421,0.7352380952380952,0.7257142857142858,0.32786392609358156,0.0015872672187277296
lr_too_small,10,0.005,10,tanh,0.5796416454980815,0.5686988472704358,0.7352380952380952,0.7314285714285714,0.32359127619148365,0.0015676040911280745
lr_too_small,20,0.005,10,tanh,0.574477288376431,0.5642304480678316,0.7371428571428571,0.7257142857142858,0.31895741706570085,0.0015462669810533429
lr_too_small,30,0.005,10,tanh,0.5694590264226339,0.5598922881672159,0.7409523809523809,0.7257142857142858,0.31443987292204034,0.0015254524344339541
lr_too_small,40,0.005,10,tanh,0.5645811791555486,0.5556791676835899,0.7409523809523809,0.7314285714285714,0.31003540850655337,0.0015051451806695926
lr_too_small,50,0.005,10,tanh,0.5598383184432617,0.5515861265342875,0.7428571428571429,0.7314285714285714,0.3057408567227153,0.001485330341859772
lr_too_small,60,0.005,10,tanh,0.5552252570273688,0.5476084326961163,0.7466666666666667,0.7371428571428571,0.30155312011701924,0.0014659934325864214
lr_too_small,70,0.005,10,tanh,0.5507370375028227,0.543741571012438,0.7428571428571429,0.7371428571428571,0.29746917199810846,0.0014471203585240656
lr_too_small,80,0.005,10,tanh,0.5463689217460963,0.5399812325316518,0.7447619047619047,0.7371428571428571,0.29348605722045695,0.001428697413988776
lr_too_small,90,0.005,10,tanh,0.5421163807830185,0.5363233043580659,0.7447619047619047,0.7485714285714286,0.28960089266267186,0.0014107112785339219
lr_too_small,100,0.005,10,tanh,0.5379750850864589,0.5327638599958597,0.7485714285714286,0.7485714285714286,0.28581086742932804,0.0013931490126966551
lr_too_small,110,0.005,10,tanh,0.5339408952930814,0.529299150166717,0.7504761904761905,0.7542857142857143,0.2821132428039132,0.0013759980529942583
lr_too_small,120,0.005,10,tanh,0.530009853327601,0.5259255940817447,0.7561904761904762,0.7542857142857143,0.278505351979017,0.0013592462062641743
lr_too_small,130,0.005,10,tanh,0.5261781739223746,0.5226397711484406,0.76,0.7485714285714286,0.27498459958836946,0.0013428816434358738
lr_too_small,140,0.005,10,tanh,0.5224422365197008,0.5194384130937335,0.7619047619047619,0.7485714285714286,0.27154846106376923,0.0013268928928168648
lr_too_small,150,0.005,10,tanh,0.5187985775438836,0.516318396484461,0.7638095238095238,0.7542857142857143,0.26819448183836353,0.0013112688329692372
lr_too_small,160,0.005,10,tanh,0.5152438830299181,0.513276735627069,0.7638095238095238,0.7542857142857143,0.2649202764161711,0.001295998685247215
lr_too_small,170,0.005,10,tanh,0.5117749815955638,0.5103105758287854,0.7657142857142857,0.7542857142857143,0.261723527326202,0.0012810720060603877
lr_too_small,180,0.005,10,tanh,0.5083888377435708,0.5074171870030448,0.7676190476190476,0.7542857142857143,0.25860198397803724,0.0012664786789216723
lr_too_small,190,0.005,10,tanh,0.5050825454808996,0.504593957602488,0.7714285714285715,0.7542857142857143,0.2555534614342903,0.0012522089063336079
lr_too_small,200,0.005,10,tanh,0.5018533222419282,0.501838388863441,0.7733333333333333,0.7542857142857143,0.2525758391140052,0.0012382532015614265
lr_too_small,210,0.005,10,tanh,0.4986985031028334,0.4991480893463717,0.7714285714285715,0.7542857142857143,0.24966705943974335,0.0012246023803364316
lr_too_small,220,0.005,10,tanh,0.49561553527459734,0.496520769757424,0.7714285714285715,0.7542857142857143,0.2468251264398848,0.0012112475525285983
lr_too_small,230,0.005,10,tanh,0.49260197286236324,0.4939542380367423,0.7714285714285715,0.7542857142857143,0.24404810431651963,0.0011981801138229817
lr_too_small,240,0.005,10,tanh,0.489655471879203,0.4914463946999007,0.7752380952380953,0.7542857142857143,0.24133411598823556,0.001185391737430525
lr_too_small,250,0.005,10,tanh,0.48677378550268985,0.4889952284193534,0.7790476190476191,0.7542857142857143,0.2386813416161059,0.0011728743658600967
lr_too_small,260,0.005,10,tanh,0.48395475956304335,0.4865988118334188,0.7771428571428571,0.7542857142857143,0.23608801712026517,0.0011606202027751903
lr_too_small,270,0.005,10,tanh,0.4811963282519871,0.4842552975708848,0.7752380952380953,0.7542857142857143,0.23355243269360718,0.0011486217049555417
lr_too_small,280,0.005,10,tanh,0.47849651004184884,0.4819629144798927,0.7752380952380953,0.76,0.23107293131836035,0.0011368715743810562
lr_too_small,290,0.005,10,tanh,0.4758534038048192,0.4797199640503073,0.7771428571428571,0.76,0.22864790729058182,0.001125362750452804
lr_too_small,300,0.005,10,tanh,0.4732651851226874,0.47752481701931254,0.7790476190476191,0.7657142857142857,0.22627580475695935,0.0011140884023634688
lr_too_small,310,0.005,10,tanh,0.4707301027777551,0.47537591015048924,0.7771428571428571,0.7771428571428571,0.2239551162677194,0.0011030419216274884
lr_too_small,320,0.005,10,tanh,0.4682464754160249,0.47327174317712417,0.7790476190476191,0.7771428571428571,0.221684381348899,0.001092216914779175
lr_too_small,330,0.005,10,tanh,0.46581268837413975,0.471210875900981,0.7790476190476191,0.7885714285714286,0.21946218509675786,0.0010816071962453935
lr_too_small,340,0.005,10,tanh,0.46342719066192634,0.4691919254382182,0.7828571428571428,0.7885714285714286,0.21728715679666588,0.001071206781397797
lr_too_small,350,0.005,10,tanh,0.4610884920927629,0.46721356360457417,0.7828571428571428,0.7942857142857143,0.2151579685684107,0.0010610098797882682
lr_too_small,360,0.005,10,tanh,0.45879516055434977,0.46527451443236445,0.7847619047619048,0.8,0.21307333403951367,0.0010510108885699592
lr_too_small,370,0.005,10,tanh,0.4565458194128066,0.463373551812227,0.7847619047619048,0.8,0.2110320070478331,0.0010412043861052803
lr_too_small,380,0.005,10,tanh,0.45433914504335937,0.4615094972529375,0.7866666666666666,0.8,0.20903278037444792,0.0010315851257612127
lr_too_small,390,0.005,10,tanh,0.45217386448120167,0.4596812177529763,0.7866666666666666,0.8,0.20707448450756974,0.0010221480298915032
lr_too_small,400,0.005,10,tanh,0.45004875318642984,0.457887623777869,0.7885714285714286,0.8,0.20515598643800936,0.0010128881840045859
lr_too_small,410,0.005,10,tanh,0.4479626329172506,0.4561276673376556,0.7885714285714286,0.8,0.20327618848653084,0.0010038008311154419
lr_too_small,420,0.005,10,tanh,0.44591436970594994,0.45440034015914743,0.7885714285714286,0.8,0.20143402716325418,0.0009948813662790893
lr_too_small,430,0.005,10,tanh,0.44390287193238964,0.45270467194792513,0.7942857142857143,0.8,0.19962847205912282,0.0009861253313029397
lr_too_small,440,0.005,10,tanh,0.44192708849005713,0.4510397287353129,0.7923809523809524,0.8,0.19785852476931656,0.0009775284096348667
lr_too_small,450,0.005,10,tanh,0.43998600703995744,0.44940461130582193,0.7942857142857143,0.8,0.19612321784838527,0.0009690864214235392
lr_too_small,460,0.005,10,tanh,0.4380786523478666,0.4477984537008102,0.7942857142857143,0.8,0.1944216137967781,0.0009607953187472907
lr_too_small,470,0.005,10,tanh,0.43620408470070554,0.44622042179433574,0.7980952380952381,0.8,0.19275280407836204,0.0009526511810075999
lr_too_small,480,0.005,10,tanh,0.43436139839800714,0.44466971193741023,0.8,0.8,0.19111590816845464,0.0009446502104830917
lr_too_small,490,0.005,10,tanh,0.432549720314661,0.4431455496670618,0.8,0.8,0.18951007263183794,0.0009367887280398545
lr_too_small,500,0.005,10,tanh,0.43076820853131853,0.4416471884768222,0.8,0.8,0.18793447023017015,0.0009290631689937604
lr_too_small,510,0.005,10,tanh,0.4290160510290301,0.4401739086454347,0.8,0.8,0.1863882990581753,0.0009214700791204461
lr_too_small,520,0.005,10,tanh,0.427292464444866,0.43872501612076314,0.8,0.8,0.18487078170795848,0.00091400611080856
lr_too_small,530,0.005,10,tanh,0.4255966928854407,0.4372998414560401,0.8,0.8,0.1833811644607693,0.000906668019351894
lr_too_small,540,0.005,10,tanh,0.42392800679542747,0.4358977387957605,0.8,0.8,0.18191871650551883,0.0008994526593760102
lr_too_small,550,0.005,10,tanh,0.42228570187829634,0.43451808490866717,0.8,0.8,0.18048272918334346,0.0008923569813950323
lr_too_small,560,0.005,10,tanh,0.4206690980666603,0.43316027826542075,0.8019047619047619,0.8057142857142857,0.17907251525749868,0.0008853780284942948
lr_too_small,570,0.005,10,tanh,0.41907753853974855,0.43182373815867425,0.8,0.8057142857142857,0.17768740820786427,0.0008785129331346142
lr_too_small,580,0.005,10,tanh,0.417510388785657,0.4305079038634012,0.8038095238095239,0.8057142857142857,0.17632676154934135,0.0008717589140740187
lr_too_small,590,0.005,10,tanh,0.4159670357061509,0.4292122338354423,0.8038095238095239,0.8057142857142857,0.1749899481734237,0.0008651132734028421
lr_too_small,600,0.005,10,tanh,0.41444688676191116,0.42793620494634516,0.8076190476190476,0.8057142857142857,0.17367635971223283,0.0008585733936881839
lr_too_small,610,0.005,10,tanh,0.41294936915622515,0.4266793117526795,0.8095238095238095,0.8057142857142857,0.17238540592431284,0.0008521367352238283
lr_too_small,620,0.005,10,tanh,0.41147392905523,0.4254410657981062,0.8095238095238095,0.8057142857142857,0.1711165141014914,0.0008458008333818045
lr_too_small,630,0.005,10,tanh,0.41002003084291405,0.4242209949465722,0.8095238095238095,0.8057142857142857,0.16986912849612465,0.0008395632960618842
lr_too_small,640,0.005,10,tanh,0.4085871564091774,0.42301864274509227,0.8095238095238095,0.8057142857142857,0.16864270976805582,0.0008334218012354004
lr_too_small,650,0.005,10,tanh,0.40717480446933907,0.4218335678146598,0.8095238095238095,0.8057142857142857,0.16743673445063215,0.0008273740945798939
lr_too_small,660,0.005,10,tanh,0.40578248991356464,0.42066534326790866,0.8095238095238095,0.8057142857142857,0.16625069443513804,0.0008214179872011798
lr_too_small,670,0.005,10,tanh,0.4044097431847686,0.4195135561522181,0.8114285714285714,0.8057142857142857,0.1650840964730201,0.0008155513534395554
lr_too_small,680,0.005,10,tanh,0.4030561096836147,0.41837780691702897,0.8133333333333334,0.8057142857142857,0.16393646169529222,0.0008097721287569535
lr_too_small,690,0.005,10,tanh,0.40172114919931834,0.4172577089041964,0.8133333333333334,0.8114285714285714,0.16280732514852853,0.0008040783077019719
lr_too_small,700,0.005,10,tanh,0.40040443536501297,0.416152887860273,0.8133333333333334,0.8114285714285714,0.16169623534686653,0.0007984679419497991
lr_too_small,710,0.005,10,tanh,0.39910555513651347,0.4150629814696718,0.8152380952380952,0.8114285714285714,0.16060275383946032,0.0007929391384141679
lr_too_small,720,0.005,10,tanh,0.39782410829336323,0.41398763890771273,0.8152380952380952,0.8114285714285714,0.15952645479284,0.0007874900574285661
lr_too_small,730,0.005,10,tanh,0.39655970696111537,0.4129265204126107,0.8171428571428572,0.8171428571428572,0.15846692458765113,0.0007821189109940368
lr_too_small,740,0.005,10,tanh,0.39531197515384564,0.41187929687551017,0.8171428571428572,0.8171428571428572,0.15742376142926304,0.00077682396109099
lr_too_small,750,0.005,10,tanh,0.39408054833595074,0.41084564944771823,0.8171428571428572,0.8171428571428572,0.15639657497175347,0.000771603518052556
lr_too_small,760,0.005,10,tanh,0.3928650730023309,0.40982526916433315,0.8171428571428572,0.8171428571428572,0.15538498595479097,0.0007664559389970881
lr_too_small,770,0.005,10,tanh,0.391665206276103,0.4088178565835031,0.8171428571428572,0.8171428571428572,0.15438862585295485,0.0007613796263175271
lr_too_small,780,0.005,10,tanh,0.3904806155230316,0.4078231214405949,0.819047619047619,0.8171428571428572,0.15340713653704555,0.0007563730262254156
lr_too_small,790,0.005,10,tanh,0.3893109779819086,0.4068407823165816,0.819047619047619,0.8171428571428572,0.1524401699469565,0.0007514346273474427
lr_too_small,800,0.005,10,tanh,0.38815598041014926,0.4058705663199997,0.819047619047619,0.8171428571428572,0.15148738777569096,0.0007465629593724803
lr_balanced,1,0.08,10,tanh,0.9002015229616477,0.8179903284204072,0.41904761904761906,0.49142857142857144,0.5406750211432614,0.04062252642302262
lr_balanced,10,0.08,10,tanh,0.7344232731761234,0.6801473790104451,0.5523809523809524,0.6171428571428571,0.4174245061222645,0.03165861483177691
lr_balanced,20,0.08,10,tanh,0.6236826496678847,0.5910520783689597,0.6057142857142858,0.6514285714285715,0.3269378653253007,0.02524606745146382
lr_balanced,30,0.08,10,tanh,0.5528385288808972,0.5346861361292516,0.6514285714285715,0.68,0.26842293057298827,0.021008312501082378
lr_balanced,40,0.08,10,tanh,0.5033090863543599,0.49512588542049896,0.7238095238095238,0.7257142857142858,0.22914744905587306,0.018042432793918813
lr_balanced,50,0.08,10,tanh,0.466212863859078,0.46517816442982607,0.76,0.7771428571428571,0.20128494982203263,0.01584887201861282
lr_balanced,60,0.08,10,tanh,0.4370227058639317,0.4412882924154644,0.780952380952381,0.7885714285714286,0.1804345785267404,0.01415045569863179
lr_balanced,70,0.08,10,tanh,0.41323346910994696,0.4215204204400082,0.7980952380952381,0.8114285714285714,0.16411565512329213,0.01278718215266502
lr_balanced,80,0.08,10,tanh,0.3933484104736415,0.4047295876808957,0.8076190476190476,0.8285714285714286,0.15087049842651962,0.011661758005804667
lr_balanced,90,0.08,10,tanh,0.3764134835024067,0.39019283924189646,0.8152380952380952,0.8285714285714286,0.13980095919134344,0.010712066538192906
lr_balanced,100,0.08,10,tanh,0.36178693736753725,0.37742889647437,0.8247619047619048,0.8342857142857143,0.13032993773318075,0.009896714722465
lr_balanced,110,0.08,10,tanh,0.349017091304373,0.36610265792285857,0.84,0.8342857142857143,0.12207326876595913,0.009187051205958412
lr_balanced,120,0.08,10,tanh,0.3377735440534274,0.3559713722317163,0.8457142857142858,0.8457142857142858,0.11476733810606954,0.008562557981279206
lr_balanced,130,0.08,10,tanh,0.3278065040782136,0.346852817230777,0.8495238095238096,0.8457142857142858,0.10822632519182862,0.008008090490665882
lr_balanced,140,0.08,10,tanh,0.31892172358138443,0.33860576867469194,0.8628571428571429,0.8514285714285714,0.1023159989988677,0.007512171023670097
lr_balanced,150,0.08,10,tanh,0.3109644824858673,0.33111763438680963,0.8666666666666667,0.8514285714285714,0.09693715906896275,0.007065901491743148
lr_balanced,160,0.08,10,tanh,0.3038090226401402,0.3242964112368225,0.8723809523809524,0.8514285714285714,0.09201489205307756,0.0066622504197875985
lr_balanced,170,0.08,10,tanh,0.2973513736738167,0.31806532480046995,0.8742857142857143,0.8514285714285714,0.08749143640178964,0.006295571749425596
lr_balanced,180,0.08,10,tanh,0.2915043516419473,0.3123591749108486,0.8742857142857143,0.8571428571428571,0.0833213425101203,0.005961270762297719
lr_balanced,190,0.08,10,tanh,0.28619398632889875,0.30712178962615155,0.8761904761904762,0.8685714285714285,0.07946812729140992,0.00565556567898405
lr_balanced,200,0.08,10,tanh,0.28135691027032234,0.3023042134314807,0.878095238095238,0.8628571428571429,0.07590192312349746,0.005375313056431628
lr_balanced,210,0.08,10,tanh,0.27693840915820467,0.29786339027627773,0.8838095238095238,0.8628571428571429,0.07259780213131702,0.005117876839799091
lr_balanced,220,0.08,10,tanh,0.272890936132741,0.2937611853013638,0.8857142857142857,0.8628571428571429,0.06953456777822017,0.004881028080646026
lr_balanced,230,0.08,10,tanh,0.26917295751221326,0.2899636416721074,0.8838095238095238,0.8628571428571429,0.06669387513878362,0.004662866770001921
lr_balanced,240,0.08,10,tanh,0.26574803957478177,0.2864404028191435,0.8876190476190476,0.8742857142857143,0.06405958553681028,0.0044617600313122995
lr_balanced,250,0.08,10,tanh,0.26258411374024915,0.2831642526528533,0.8876190476190476,0.8857142857142857,0.06161729018230561,0.00427629271084026
lr_balanced,260,0.08,10,tanh,0.259652876094476,0.2801107411883076,0.8914285714285715,0.8914285714285715,0.059353956803363826,0.004105227571642215
lr_balanced,270,0.08,10,tanh,0.25692928984416424,0.27725787307700794,0.8895238095238095,0.8914285714285715,0.057257666496849734,0.003947473071555728
lr_balanced,280,0.08,10,tanh,0.2543911679945329,0.27458584340737074,0.8914285714285715,0.8914285714285715,0.05531741721307567,0.0038020572270790532
lr_balanced,290,0.08,10,tanh,0.2520188196010245,0.2720768098452379,0.8914285714285715,0.8914285714285715,0.05352297675195153,0.003668106422201554
lr_balanced,300,0.08,10,tanh,0.2497947472075139,0.26971469342165605,0.8895238095238095,0.8914285714285715,0.05186477272641606,0.0035448282707762667
lr_balanced,310,0.08,10,tanh,0.24770338611253692,0.26748500249722945,0.8895238095238095,0.8914285714285715,0.0503338102109404,0.0034314978195759908
lr_balanced,320,0.08,10,tanh,0.24573087828190474,0.2653746759550059,0.8914285714285715,0.8914285714285715,0.04892161013165282,0.003327446510601359
lr_balanced,330,0.08,10,tanh,0.2438648753085704,0.2633719427149,0.8914285714285715,0.8914285714285715,0.04762016314688323,0.0032320534209741188
lr_balanced,340,0.08,10,tanh,0.24209436598500708,0.2614661953736431,0.8914285714285715,0.8914285714285715,0.04642189500766195,0.003144738376785824
lr_balanced,350,0.08,10,tanh,0.2404095249209894,0.25964787626075014,0.8933333333333333,0.8914285714285715,0.04531964031299755,0.0030649565999396468
lr_balanced,360,0.08,10,tanh,0.2388015792948069,0.25790837453614385,0.8933333333333333,0.8971428571428571,0.044306622278160006,0.002992194598441606
lr_balanced,370,0.08,10,tanh,0.23726269132760047,0.2562399331892035,0.8933333333333333,0.8971428571428571,0.04337643667912306,0.0029259670535364993
lr_balanced,380,0.08,10,tanh,0.2357858544603866,0.2546355649663312,0.8952380952380953,0.8971428571428571,0.04252303856542119,0.0028658144935136934
lr_balanced,390,0.08,10,tanh,0.23436480152108777,0.253088976377635,0.8990476190476191,0.8971428571428571,0.04174073067566796,0.0028113015754055257
lr_balanced,400,0.08,10,tanh,0.23299392341577604,0.25159449902821635,0.8990476190476191,0.8971428571428571,0.04102415276448106,0.002762015823298867
lr_balanced,410,0.08,10,tanh,0.23166819707961525,0.25014702759569607,0.8990476190476191,0.8971428571428571,0.040368271270318695,0.002717566696427953
lr_balanced,420,0.08,10,tanh,0.23038312158967048,0.24874196383932892,0.8990476190476191,0.8971428571428571,0.03976836893074635,0.002677584882208197
lr_balanced,430,0.08,10,tanh,0.22913466148178663,0.24737516608129284,0.8990476190476191,0.8971428571428571,0.03922003409248074,0.002641721729273311
lr_balanced,440,0.08,10,tanh,0.22791919643287015,0.246042903649913,0.9047619047619048,0.8971428571428571,0.038719149574152435,0.002609648753570515
lr_balanced,450,0.08,10,tanh,0.22673347657233237,0.2447418158191521,0.9047619047619048,0.8971428571428571,0.03826188102495905,0.002581057166695769
lr_balanced,460,0.08,10,tanh,0.2255745827752359,0.243468874819533,0.9047619047619048,0.8971428571428571,0.03784466478634253,0.0025556573898818835
lr_balanced,470,0.08,10,tanh,0.22443989136710765,0.24222135253326738,0.9066666666666666,0.8971428571428571,0.03746419531006329,0.0025331785293364376
lr_balanced,480,0.08,10,tanh,0.22332704273817827,0.2409967905210538,0.9066666666666666,0.8971428571428571,0.037117412217656374,0.002513367798936115
lr_balanced,490,0.08,10,tanh,0.22223391342431012,0.2397929730599857,0.9066666666666666,0.8971428571428571,0.03680148710597881,0.002495989884643261
lr_balanced,500,0.08,10,tanh,0.22115859126416382,0.23860790290142445,0.9085714285714286,0.8971428571428571,0.03651381021379614,0.0024808262515048276
lr_balanced,510,0.08,10,tanh,0.220099353288102,0.23743977948467254,0.9085714285714286,0.8971428571428571,0.03625197706720849,0.0024676743988690983
lr_balanced,520,0.08,10,tanh,0.21905464603468347,0.23628697936695298,0.9085714285714286,0.8971428571428571,0.036013775218984634,0.0024563470727042287
lr_balanced,530,0.08,10,tanh,0.21802306802601315,0.2351480386526954,0.9085714285714286,0.8971428571428571,0.03579717119007453,0.0024466714458476874
lr_balanced,540,0.08,10,tanh,0.21700335416424826,0.23402163722557312,0.9085714285714286,0.8971428571428571,0.03560029771196099,0.0024384882778919243
lr_balanced,550,0.08,10,tanh,0.21599436183873646,0.23290658460528382,0.9104761904761904,0.8971428571428571,0.03542144135709806,0.0024316510664499037
lr_balanced,560,0.08,10,tanh,0.21499505855703785,0.23180180726784289,0.9104761904761904,0.8971428571428571,0.03525903063226147,0.0024260252009585944
lr_balanced,570,0.08,10,tanh,0.21400451093388287,0.23070633728333048,0.9123809523809524,0.8971428571428571,0.03511162459681488,0.002421487129158644
lr_balanced,580,0.08,10,tanh,0.21302187489031807,0.22961930213873197,0.9123809523809524,0.8971428571428571,0.03497790205513011,0.0024179235450944676
lr_balanced,590,0.08,10,tanh,0.21204638693123873,0.22853991562587803,0.9123809523809524,0.8971428571428571,0.03485665136002812,0.002415230606041255
lr_balanced,600,0.08,10,tanh,0.21107735638350733,0.22746746968566953,0.9123809523809524,0.8971428571428571,0.03474676085237012,0.002413313184285493
lr_balanced,610,0.08,10,tanh,0.21011415848918405,0.22640132710988195,0.9123809523809524,0.8971428571428571,0.03464720995099823,0.0024120841582395435
lr_balanced,620,0.08,10,tanh,0.2091562282592894,0.2253409150110041,0.9123809523809524,0.8971428571428571,0.03455706089722302,0.0024114637460124545
lr_balanced,630,0.08,10,tanh,0.20820305500319014,0.22428571897888852,0.9123809523809524,0.8971428571428571,0.03447545114906235,0.0024113788833243104
lr_balanced,640,0.08,10,tanh,0.20725417745732952,0.22323527785056838,0.9161904761904762,0.8971428571428571,0.03440158641250515,0.0024117626465612286
lr_balanced,650,0.08,10,tanh,0.20630917944475918,0.22218917902651145,0.9180952380952381,0.9028571428571428,0.03433473429023446,0.0024125537208326163
lr_balanced,660,0.08,10,tanh,0.20536768600390534,0.22114705427291836,0.9180952380952381,0.9028571428571428,0.03427421852250423,0.002413695912112976
lr_balanced,670,0.08,10,tanh,0.2044293599313196,0.2201085759554838,0.9180952380952381,0.9028571428571428,0.03421941379021227,0.0024151377019227256
lr_balanced,680,0.08,10,tanh,0.2034938986889072,0.21907345365538333,0.9180952380952381,0.9028571428571428,0.034169741046619656,0.0024168318425171168
lr_balanced,690,0.08,10,tanh,0.20256103163136627,0.21804143112317384,0.9180952380952381,0.9028571428571428,0.034124663341585836,0.002418734990197276
lr_balanced,700,0.08,10,tanh,0.20163051751436217,0.21701228353083207,0.9180952380952381,0.9028571428571428,0.0340836821005567,0.0024208073741189386
lr_balanced,710,0.08,10,tanh,0.2007021422483408,0.2159858149863382,0.9180952380952381,0.9028571428571428,0.03404633381978037,0.0024230124978376643
lr_balanced,720,0.08,10,tanh,0.19977571686689816,0.21496185627906508,0.9180952380952381,0.9028571428571428,0.034012187139244164,0.00242531687077924
lr_balanced,730,0.08,10,tanh,0.1988510756822834,0.21394026282777848,0.9180952380952381,0.9028571428571428,0.03398084025552414,0.0024276897668457976
lr_balanced,740,0.08,10,tanh,0.19792807460395345,0.21292091280630626,0.9180952380952381,0.9028571428571428,0.03395191863801417,0.0024301030074477714
lr_balanced,750,0.08,10,tanh,0.19700658959913037,0.21190370542491122,0.9180952380952381,0.9028571428571428,0.033925073013744714,0.00243253076637614
lr_balanced,760,0.08,10,tanh,0.19608651527705817,0.21088855934811868,0.9180952380952381,0.9028571428571428,0.03389997758811019,0.0024349493940865013
lr_balanced,770,0.08,10,tanh,0.19516776358112825,0.20987541123221376,0.9180952380952381,0.9028571428571428,0.03387632847119363,0.002437337259145929
lr_balanced,780,0.08,10,tanh,0.1942502625752561,0.20886421436785269,0.9180952380952381,0.9028571428571428,0.033853842281919164,0.0024396746047860443
lr_balanced,790,0.08,10,tanh,0.19333395531286415,0.20785493741523547,0.9180952380952381,0.9028571428571428,0.033832254904888295,0.00244194341870375
lr_balanced,800,0.08,10,tanh,0.1924187987785689,0.20684756322107825,0.9180952380952381,0.9028571428571428,0.03381132037739454,0.00244412731444815
lr_too_large,1,50.0,10,tanh,0.6710047074093516,1.2438724296268622,0.6438095238095238,0.8228571428571428,0.41372234620146464,19.843591732255234
lr_too_large,10,50.0,10,tanh,2.5240843410630327,3.705433184454817,0.8133333333333334,0.7828571428571428,0.31629908739335183,14.12088195253323
lr_too_large,20,50.0,10,tanh,9.675838385000988,10.06121709052021,0.5047619047619047,0.5142857142857142,1.5479037012311994,72.41506745139097
lr_too_large,30,50.0,10,tanh,1.1895084650691756,3.137563697921661,0.8533333333333334,0.84,0.28747573785933367,13.891286310922652
lr_too_large,40,50.0,10,tanh,2.8811220267633697,1.1153946066550267,0.8609523809523809,0.92,0.4059215219085183,19.018397654904764
lr_too_large,50,50.0,10,tanh,3.461263769044046,4.447076398886154,0.5371428571428571,0.7771428571428571,1.4349232043315345,66.82226484435225
lr_too_large,60,50.0,10,tanh,1.0188319415417022,0.984962733698117,0.940952380952381,0.8057142857142857,0.13944395706232887,6.107804602300089
lr_too_large,70,50.0,10,tanh,0.47367468388618295,0.5920932755719557,0.9771428571428571,0.9714285714285714,0.019424918907527882,0.9712060013427395
lr_too_large,80,50.0,10,tanh,0.47367512205143397,0.5920933085585075,0.9771428571428571,0.9714285714285714,0.01942426419532409,0.9711605567191086
lr_too_large,90,50.0,10,tanh,0.473675515910375,0.5920894984400958,0.9771428571428571,0.9714285714285714,0.01942190082506153,0.9710877301645782
lr_too_large,100,50.0,10,tanh,0.44678851973114225,0.5393406787177567,0.9771428571428571,0.9714285714285714,0.01942161721454597,0.9710773888092424
lr_too_large,110,50.0,10,tanh,0.2560156610370951,0.34635220142112544,0.9771428571428571,0.9714285714285714,0.019273150013764888,0.9636368520660455
lr_too_large,120,50.0,10,tanh,0.3194551885416121,5.990760813601144,0.7828571428571428,0.7028571428571428,0.4479065542254868,21.322090102250957
lr_too_large,130,50.0,10,tanh,0.46912114547343176,0.3169018273600981,0.9752380952380952,0.9771428571428571,0.021807030761427534,1.085974964725314
lr_too_large,140,50.0,10,tanh,0.325658860597145,0.24993373670428273,0.9752380952380952,0.9714285714285714,0.018929685751217108,0.9418523577692359
lr_too_large,150,50.0,10,tanh,0.31436729626535337,0.23137480587783174,0.9752380952380952,0.9714285714285714,0.018937076751723174,0.94167350713551
lr_too_large,160,50.0,10,tanh,0.8071085134796405,7.065317144794955,0.7923809523809524,0.5771428571428572,0.6363508768885837,30.247409145120443
lr_too_large,170,50.0,10,tanh,0.4840064059222825,0.5295000856223029,0.9752380952380952,0.9714285714285714,0.05955786067113679,2.6264499090727256
lr_too_large,180,50.0,10,tanh,0.43411556939874113,0.47367454339666915,0.979047619047619,0.9771428571428571,0.03960778914016742,1.6028413219379
lr_too_large,190,50.0,10,tanh,0.3308698177260596,0.2829082114848888,0.9809523809523809,0.9771428571428571,0.019114338906200623,0.9360270977637035
lr_too_large,200,50.0,10,tanh,0.3941397446493242,0.33489896387406165,0.9809523809523809,0.9771428571428571,0.03829627765713378,1.8273711160939987
lr_too_large,210,50.0,10,tanh,7.62621445265072,4.381488522519111,0.6152380952380953,0.7885714285714286,1.2037649045917138,55.740878836202796
lr_too_large,220,50.0,10,tanh,0.18441952514527582,0.47367464667593684,0.9809523809523809,0.9771428571428571,0.28257682771974824,13.37150515568616
lr_too_large,230,50.0,10,tanh,0.5131474138402835,0.7105119704653524,0.9752380952380952,0.9657142857142857,0.051148613149743886,2.444455629073651
lr_too_large,240,50.0,10,tanh,0.3933336505738126,0.4289358749976162,0.9809523809523809,0.9771428571428571,0.2675858945709489,10.122862757379345
lr_too_large,250,50.0,10,tanh,0.18243837802440022,0.7744534161992107,0.9771428571428571,0.8,0.04981427234898581,2.3878700018407777
lr_too_large,260,50.0,10,tanh,2.0920630264529927,1.5394426040560383,0.8990476190476191,0.9257142857142857,0.38130497493677123,17.12495738499024
lr_too_large,270,50.0,10,tanh,0.19736443553568633,0.4736746466516603,0.9904761904761905,0.9771428571428571,0.00830282693364625,0.40406433853
lr_too_large,280,50.0,10,tanh,0.19736443553568633,0.4736746466516603,0.9904761904761905,0.9771428571428571,0.008302854854268517,0.4040649503458044
lr_too_large,290,50.0,10,tanh,0.1973643441812914,0.47367425713527234,0.9904761904761905,0.9771428571428571,0.008302891512559755,0.40406577458951726
lr_too_large,300,50.0,10,tanh,0.195022639742462,0.46664625243227087,0.9904761904761905,0.9771428571428571,0.00830294038630649,0.4040668909999838
lr_too_large,310,50.0,10,tanh,0.15808867005674665,0.40880149811561295,0.9904761904761905,0.9771428571428571,0.008289166970824033,0.40342210927867256
lr_too_large,320,50.0,10,tanh,0.13767286019145125,0.38353969300301133,0.9904761904761905,0.9771428571428571,0.005388052862323211,0.2693764604738465
lr_too_large,330,50.0,10,tanh,0.13767052351534875,0.38353815025891663,0.9904761904761905,0.9771428571428571,0.005388109886744107,0.2693777337819365
lr_too_large,340,50.0,10,tanh,0.13766878015073622,0.383537111125828,0.9904761904761905,0.9771428571428571,0.005388244980459487,0.2693804871838681
lr_too_large,350,50.0,10,tanh,0.13766745765240807,0.38353641920878423,0.9904761904761905,0.9771428571428571,0.005388495846123848,0.26938563832365797
lr_too_large,360,50.0,10,tanh,0.13766643888826885,0.38353596755692976,0.9904761904761905,0.9771428571428571,0.0053889531798421,0.26939535226261696
lr_too_large,370,50.0,10,tanh,0.13766564073001583,0.3835356776173529,0.9904761904761905,0.9771428571428571,0.005389845238148093,0.26941516432697943
lr_too_large,380,50.0,10,tanh,0.13766500447018978,0.38353548831737366,0.9904761904761905,0.9771428571428571,0.005391853295263138,0.2694619982488289
lr_too_large,390,50.0,10,tanh,0.1376645573451255,0.383535407865688,0.9904761904761905,0.9771428571428571,0.005397738930364821,0.26960631803639884
lr_too_large,400,50.0,10,tanh,0.13766549535789604,0.3835365413410355,0.9904761904761905,0.9771428571428571,0.005428911051741422,0.2704119797222045
lr_too_large,410,50.0,10,tanh,0.21202691484958464,0.2638552331617362,0.9866666666666667,0.9828571428571429,0.04999461417260633,1.686677553369996
lr_too_large,420,50.0,10,tanh,0.13766855467668898,0.26512070336629967,0.9904761904761905,0.9828571428571429,0.005393405648039975,0.2696039619148608
lr_too_large,430,50.0,10,tanh,0.13766364742883655,0.26511523703463535,0.9904761904761905,0.9828571428571429,0.005464697215268356,0.27241674831289
lr_too_large,440,50.0,10,tanh,0.13765137548726156,0.26508636491956505,0.9904761904761905,0.9828571428571429,0.00578244728932436,0.28515915256008534
lr_too_large,450,50.0,10,tanh,0.13416579016983302,0.38765523332970075,0.9904761904761905,0.9771428571428571,0.08934642664503428,3.6607210686449396
lr_too_large,460,50.0,10,tanh,0.08058991162036665,0.27726699628465107,0.9923809523809524,0.9771428571428571,0.007575858287692347,0.3787867942188156
lr_too_large,470,50.0,10,tanh,0.05310769936874275,0.22286342365770104,0.9923809523809524,0.9771428571428571,0.007134505505777021,0.355865181240619
lr_too_large,480,50.0,10,tanh,0.03841911056706968,0.1923090450679393,0.9923809523809524,0.9771428571428571,0.0017426719254668916,0.08711421515305927
lr_too_large,490,50.0,10,tanh,9.06700119172506,4.144653166565037,0.5047619047619047,0.8,1.534840354422882,71.38310366705502
lr_too_large,500,50.0,10,tanh,0.14195713171917937,0.2976688553814345,0.9904761904761905,0.9771428571428571,0.007189912502125516,0.35219886949889695
lr_too_large,510,50.0,10,tanh,0.13803149023076025,0.2914121919907973,0.9904761904761905,0.9771428571428571,0.005390847038330404,0.26938802084385
lr_too_large,520,50.0,10,tanh,0.1380233190379177,0.2914182853118261,0.9904761904761905,0.9771428571428571,0.005392295660644053,0.26939498588409305
lr_too_large,530,50.0,10,tanh,0.13801623935551308,0.2914182841368576,0.9904761904761905,0.9771428571428571,0.005395446465134091,0.26941803754207794
lr_too_large,540,50.0,10,tanh,0.1380160188194019,0.29140390798546656,0.9904761904761905,0.9771428571428571,0.00538115687008648,0.2690261123768157
lr_too_large,550,50.0,10,tanh,0.13801899004272025,0.2914273118807599,0.9904761904761905,0.9771428571428571,0.005380044283227969,0.26896150060944624
lr_too_large,560,50.0,10,tanh,0.13802238306388975,0.2914487011628975,0.9904761904761905,0.9771428571428571,0.005378765337269195,0.26888304505263844
lr_too_large,570,50.0,10,tanh,0.1380118195306518,0.29143733168858516,0.9904761904761905,0.9771428571428571,0.005377212323185552,0.26878193267307743
lr_too_large,580,50.0,10,tanh,0.13741289782763808,0.29020939001415996,0.9904761904761905,0.9771428571428571,0.005375167698279849,0.2686404833689073
lr_too_large,590,50.0,10,tanh,0.12978459402660175,0.2772920634403593,0.9904761904761905,0.9771428571428571,0.0053721554687057955,0.26842049171661836
lr_too_large,600,50.0,10,tanh,0.11588030438836958,0.2562112709939917,0.9904761904761905,0.9771428571428571,0.005366829982798298,0.26802089455016553
lr_too_large,610,50.0,10,tanh,0.1016143913619669,0.23474744633486228,0.9904761904761905,0.9771428571428571,0.005351470226447389,0.26696577415497597
lr_too_large,620,50.0,10,tanh,0.0878167720451172,0.21376774936998402,0.9904761904761905,0.9771428571428571,0.005179508862841989,0.2577081705511316
lr_too_large,630,50.0,10,tanh,0.079124351396311,0.19886267558537785,0.9904761904761905,0.9771428571428571,0.003951222599431746,0.19576582676421922
lr_too_large,640,50.0,10,tanh,0.07789414137096891,0.19599031003204934,0.9904761904761905,0.9771428571428571,0.0036254169509431487,0.1800112644214184
lr_too_large,650,50.0,10,tanh,0.07779697408894036,0.1957716706945467,0.9904761904761905,0.9771428571428571,0.003617335251462309,0.1797797161939664
lr_too_large,660,50.0,10,tanh,0.07794662110452821,0.19679372475505483,0.9904761904761905,0.9771428571428571,0.004030663399316089,0.20130895535332136
lr_too_large,670,50.0,10,tanh,0.19733485505309895,0.35519557798525814,0.9904761904761905,0.9828571428571429,0.008529070903339616,0.41036564768415823
lr_too_large,680,50.0,10,tanh,0.18570461206917788,0.3411293013474922,0.9904761904761905,0.9828571428571429,0.008303062801906003,0.4040754699338602
lr_too_large,690,50.0,10,tanh,0.19567218564822367,0.35090331435365896,0.9904761904761905,0.9828571428571429,0.00830328919023262,0.40408436940597203
lr_too_large,700,50.0,10,tanh,0.16169175018736168,0.29580298843607833,0.9904761904761905,0.9828571428571429,0.008297874771823168,0.4038281150249901
lr_too_large,710,50.0,10,tanh,0.13802399822947883,0.2651009998294653,0.9904761904761905,0.9828571428571429,0.005391228357282501,0.26951864652610324
lr_too_large,720,50.0,10,tanh,0.13794258513905014,0.26500467110364795,0.9904761904761905,0.9828571428571429,0.005399670268702365,0.26985530695445054
lr_too_large,730,50.0,10,tanh,0.13603904847847217,0.2616800835861662,0.9904761904761905,0.9828571428571429,0.005580714704270954,0.27708858642950424
lr_too_large,740,50.0,10,tanh,0.12547180645774866,0.24430926109032214,0.9904761904761905,0.9828571428571429,0.005418947341679703,0.27061711419345374
lr_too_large,750,50.0,10,tanh,0.10221008384889826,0.2227106407573186,0.9923809523809524,0.9828571428571429,0.008179736692803183,0.39777331160224233
lr_too_large,760,50.0,10,tanh,0.08317583994234971,0.20245717186619433,0.9923809523809524,0.9828571428571429,0.005277156721645216,0.26383275305925596
lr_too_large,770,50.0,10,tanh,0.07361405426081612,0.18583922973326805,0.9923809523809524,0.9828571428571429,0.004457304168324712,0.22146518429934717
lr_too_large,780,50.0,10,tanh,0.07048777041485642,0.1777341446250716,0.9923809523809524,0.9828571428571429,0.0037425369571233782,0.18601550745223247
lr_too_large,790,50.0,10,tanh,0.06990272527602771,0.17597013764544803,0.9923809523809524,0.9828571428571429,0.003620255075953206,0.17995575596075963
lr_too_large,800,50.0,10,tanh,0.06982457402230992,0.17570949071984912,0.9923809523809524,0.9828571428571429,0.0036155492548512734,0.17974813887089972
small_network,1,0.08,3,tanh,0.8661587792152918,0.8585519306746255,0.2895238095238095,0.2914285714285714,0.4875758605556511,0.03850612558060999
small_network,10,0.08,3,tanh,0.7250863834116669,0.7229643877909051,0.42095238095238097,0.42857142857142855,0.3955626017272608,0.03148069211818262
small_network,20,0.08,3,tanh,0.6217073884395475,0.6233289768555244,0.84,0.84,0.3233989159167572,0.025859412081172536
small_network,30,0.08,3,tanh,0.55014639423954,0.5544573472737676,0.8857142857142857,0.8857142857142857,0.27452792388237834,0.02193118840025734
small_network,40,0.08,3,tanh,0.4973691943169204,0.5040775748188974,0.8704761904761905,0.8514285714285714,0.23847557002023015,0.01901465674072823
small_network,50,0.08,3,tanh,0.4570499857596838,0.4660563722748594,0.8571428571428571,0.84,0.20974718754778915,0.01671031230578897
small_network,60,0.08,3,tanh,0.4256068708333686,0.4368074930707633,0.8552380952380952,0.84,0.18606396109100196,0.014827877883601263
small_network,70,0.08,3,tanh,0.40069075137567745,0.4139434128120705,0.8533333333333334,0.8457142857142858,0.1663081537173284,0.013265438106905648
small_network,80,0.08,3,tanh,0.3806504340553048,0.395781850574339,0.8514285714285714,0.8514285714285714,0.14974372621589438,0.0119560183961676
small_network,90,0.08,3,tanh,0.36429637221683825,0.3811157312356707,0.8514285714285714,0.8514285714285714,0.13579129021203823,0.010849363973795927
small_network,100,0.08,3,tanh,0.35076351348174434,0.36907436191189164,0.8571428571428571,0.8514285714285714,0.1239700199227999,0.009905909312210994
small_network,110,0.08,3,tanh,0.33941872530406086,0.3590279607897266,0.8590476190476191,0.8514285714285714,0.11388031695055177,0.009094258296168306
small_network,120,0.08,3,tanh,0.329795257685137,0.35051941623540045,0.8647619047619047,0.8514285714285714,0.10519374605225174,0.008389575615303985
small_network,130,0.08,3,tanh,0.3215459762590064,0.3432152718950166,0.8647619047619047,0.8514285714285714,0.09764347272665583,0.007772274250587792
small_network,140,0.08,3,tanh,0.3144100251938894,0.33687061872808494,0.8666666666666667,0.8514285714285714,0.09101478896005998,0.007226906195506521
small_network,150,0.08,3,tanh,0.30818908000207307,0.3313040153004481,0.8704761904761905,0.8514285714285714,0.08513626299400409,0.006741252976254796
small_network,160,0.08,3,tanh,0.302730408442559,0.32637959304127684,0.8685714285714285,0.8571428571428571,0.07987187704492882,0.006305604531502574
small_network,170,0.08,3,tanh,0.29791475124634836,0.3219942884639189,0.8723809523809524,0.8628571428571429,0.07511426916647058,0.005912200212736813
small_network,180,0.08,3,tanh,0.2936476174345568,0.31806872879293874,0.8742857142857143,0.8628571428571429,0.07077904548979895,0.005554800192179016
small_network,190,0.08,3,tanh,0.2898530060860195,0.3145407220695919,0.878095238095238,0.8628571428571429,0.06680006087135071,0.005228357409457812
small_network,200,0.08,3,tanh,0.2864688595592338,0.3113606063702502,0.88,0.8628571428571429,0.06312554426204321,0.004928765297946112
small_network,210,0.08,3,tanh,0.2834437574928782,0.30848792793230007,0.878095238095238,0.8628571428571429,0.05971494603767841,0.004652662221256683
small_network,220,0.08,3,tanh,0.2807345031382777,0.3058890700172073,0.878095238095238,0.8628571428571429,0.05653639503982626,0.004397278545677118
small_network,230,0.08,3,tanh,0.2783043529748,0.30353556185431646,0.878095238095238,0.8571428571428571,0.05356466656777178,0.004160316174611256
small_network,240,0.08,3,tanh,0.27612171055137413,0.30140287330910903,0.878095238095238,0.8571428571428571,0.05077957591101878,0.003939853207361836
small_network,250,0.08,3,tanh,0.27415915526577594,0.29946955536708336,0.88,0.8571428571428571,0.04816472395311817,0.0037342683552906686
small_network,260,0.08,3,tanh,0.2723927125486321,0.2977166256347089,0.8819047619047619,0.8685714285714285,0.045706531631312,0.00354218108419162
small_network,270,0.08,3,tanh,0.2708012978436258,0.2961271263377493,0.8838095238095238,0.8685714285714285,0.04339350879692756,0.003362404355743653
small_network,280,0.08,3,tanh,0.2693662856929955,0.2946858028533409,0.8857142857142857,0.8685714285714285,0.04121571064195391,0.003193907468906815
small_network,290,0.08,3,tanh,0.2680711690758403,0.29337886579734473,0.8857142857142857,0.88,0.03916434166698996,0.0030357869619669804
small_network,300,0.08,3,tanh,0.26690128424841847,0.29219381060695415,0.8876190476190476,0.88,0.037231473385947865,0.0028872438956275854
small_network,310,0.08,3,tanh,0.2658435836607472,0.2911192764794619,0.8895238095238095,0.88,0.03540984769315484,0.0027475661357346756
small_network,320,0.08,3,tanh,0.2648864447789422,0.2901449322270519,0.8895238095238095,0.88,0.0336927430645719,0.0026161145102430615
small_network,330,0.08,3,tanh,0.2640195063603446,0.2892613806588625,0.8895238095238095,0.88,0.032073885481984095,0.0024923119370753835
small_network,340,0.08,3,tanh,0.2632335263155708,0.2884600759374774,0.8895238095238095,0.88,0.030547390102642097,0.0023756348104450034
small_network,350,0.08,3,tanh,0.26252025706028126,0.28773325030533753,0.8876190476190476,0.88,0.029107723211056175,0.002265606094152107
small_network,360,0.08,3,tanh,0.26187233544722505,0.287073847886079,0.8857142857142857,0.88,0.02774967688101584,0.0021617897026358756
small_network,370,0.08,3,tanh,0.26128318515401533,0.28647546412380587,0.8857142857142857,0.88,0.02646835107491404,0.0020637858563508304
small_network,380,0.08,3,tanh,0.26074692991473514,0.2859322899689024,0.8857142857142857,0.8857142857142857,0.025259139671926216,0.0019712271803588198
small_network,390,0.08,3,tanh,0.2602583163172319,0.28543906025366816,0.8857142857142857,0.8857142857142857,0.024117718221574082,0.0018837753774411266
small_network,400,0.08,3,tanh,0.25981264510769564,0.28499100589728504,0.8857142857142857,0.8857142857142857,0.02304003214657763,0.0018011183532205377
small_network,410,0.08,3,tanh,0.25940571009343616,0.28458380968793723,0.8857142857142857,0.8857142857142857,0.022022284748858048,0.001722967704226473
small_network,420,0.08,3,tanh,0.25903374384199096,0.2842135654446385,0.8857142857142857,0.8857142857142857,0.0210609247777245,0.0016490565036106507
small_network,430,0.08,3,tanh,0.25869336945744037,0.2838767403851494,0.8876190476190476,0.8914285714285715,0.020152633561473468,0.0015791373358847993
small_network,440,0.08,3,tanh,0.25838155778354815,0.28357014053374524,0.8876190476190476,0.8914285714285715,0.01929431183278958,0.001512980543635608
small_network,450,0.08,3,tanh,0.25809558944394023,0.2832908790024188,0.8876190476190476,0.8914285714285715,0.0184830664329637,0.001450372657219737
small_network,460,0.08,3,tanh,0.25783302118499357,0.2830363469765155,0.8876190476190476,0.8914285714285715,0.01771619708844665,0.0013911149840850337
small_network,470,0.08,3,tanh,0.25759165603878187,0.28280418723359924,0.8876190476190476,0.8914285714285715,0.016991183435699064,0.0013350223384045808
small_network,480,0.08,3,tanh,0.2573695168718108,0.282592270023835,0.8876190476190476,0.8914285714285715,0.01630567244018976,0.0012819218946968417
small_network,490,0.08,3,tanh,0.25716482293043086,0.2823986711417829,0.8876190476190476,0.8914285714285715,0.01565746632135222,0.0012316521514032593
small_network,500,0.08,3,tanh,0.2569759690356606,0.2822216520231934,0.8876190476190476,0.8914285714285715,0.015044511062425785,0.001184061992239043
small_network,510,0.08,3,tanh,0.2568015071186197,0.2820596417058778,0.8876190476190476,0.8914285714285715,0.014464885555083896,0.0011390098346712029
small_network,520,0.08,3,tanh,0.2566401298228193,0.28191122050064044,0.8876190476190476,0.8914285714285715,0.013916791404704617,0.0010963628561991637
small_network,530,0.08,3,tanh,0.2564906559312518,0.28177510522619953,0.8857142857142857,0.8914285714285715,0.013398543403233987,0.0010559962902712686
small_network,540,0.08,3,tanh,0.25635201740468216,0.2816501358706408,0.8857142857142857,0.8914285714285715,0.012908560662445556,0.0010177927846960174
small_network,550,0.08,3,tanh,0.2562232478429403,0.2815352635509384,0.8857142857142857,0.8914285714285715,0.012445358390358645,0.0009816418163182553
small_network,560,0.08,3,tanh,0.25610347220357815,0.2814295396511819,0.8857142857142857,0.8914285714285715,0.012007540286907939,0.0009474391565393916
small_network,570,0.08,3,tanh,0.25599189763220714,0.28133210602917297,0.8857142857142857,0.8914285714285715,0.011593791530925933,0.0009150863829743241
small_network,580,0.08,3,tanh,0.25588780527642846,0.2812421861898527,0.8857142857142857,0.8914285714285715,0.011202872328453649,0.000884490433162509
small_network,590,0.08,3,tanh,0.2557905429707389,0.2811590773324728,0.8857142857142857,0.8914285714285715,0.010833611991758524,0.0008555631967911906
small_network,600,0.08,3,tanh,0.2556995186933826,0.2810821431864601,0.8857142857142857,0.8914285714285715,0.010484903518750817,0.0008282211433509379
small_network,610,0.08,3,tanh,0.25561419470802527,0.28101080755849633,0.8857142857142857,0.8914285714285715,0.01015569864337008,0.0008023849825319306
small_network,620,0.08,3,tanh,0.2555340823135619,0.28094454852041273,0.8857142857142857,0.8914285714285715,0.009845003328673376,0.0007779793549893625
small_network,630,0.08,3,tanh,0.2554587371345019,0.28088289317407067,0.8857142857142857,0.8914285714285715,0.009551873675586646,0.0007549325513637137
small_network,640,0.08,3,tanh,0.25538775489237436,0.28082541293547475,0.8857142857142857,0.8914285714285715,0.009275412221426103,0.0007331762576419586
small_network,650,0.08,3,tanh,0.2553207676055998,0.280771719285947,0.8857142857142857,0.8914285714285715,0.009014764603268928,0.0007126453250958105
small_network,660,0.08,3,tanh,0.2552574401714078,0.2807214599433003,0.8857142857142857,0.8914285714285715,0.008769116562002808,0.000693277563139205
small_network,670,0.08,3,tanh,0.2551974672887591,0.28067431541061477,0.8857142857142857,0.8914285714285715,0.008537691263403807,0.0006750135535166726
small_network,680,0.08,3,tanh,0.2551405706859454,0.28062999586446324,0.8838095238095238,0.8914285714285715,0.00831974691290547,0.0006577964842744797
small_network,690,0.08,3,tanh,0.25508649662068356,0.2805882383482744,0.8838095238095238,0.8914285714285715,0.008114574640874518,0.0006415720019850201
small_network,700,0.08,3,tanh,0.2550350136241539,0.2805488042400109,0.8838095238095238,0.8914285714285715,0.00792149663526202,0.0006262880806995337
small_network,710,0.08,3,tanh,0.2549859104636376,0.2805114769664779,0.8838095238095238,0.8914285714285715,0.0077398644985257024,0.0006118949061022311
small_network,720,0.08,3,tanh,0.2549389943012209,0.2804760599394159,0.8838095238095238,0.8914285714285715,0.007569057805793438,0.0005983447733372723
small_network,730,0.08,3,tanh,0.25489408902851757,0.2804423746910812,0.8838095238095238,0.8914285714285715,0.007408482841428695,0.0005855919969847676
small_network,740,0.08,3,tanh,0.2548510337595535,0.2804102591893125,0.8838095238095238,0.8914285714285715,0.007257571491526732,0.0005735928316782438
small_network,750,0.08,3,tanh,0.2548096814658889,0.28037956631414085,0.8838095238095238,0.8914285714285715,0.007115780270460638,0.0005623054018875239
small_network,760,0.08,3,tanh,0.2547698977397667,0.28035016247984984,0.8838095238095238,0.8914285714285715,0.006982589460438314,0.0005516896394402798
small_network,770,0.08,3,tanh,0.25473155967258865,0.2803219263880466,0.8838095238095238,0.8914285714285715,0.006857502344133785,0.000541707227423521
small_network,780,0.08,3,tanh,0.2546945548373634,0.2802947478987918,0.8838095238095238,0.8914285714285715,0.006740044511809799,0.0005323215491925365
small_network,790,0.08,3,tanh,0.25465878036496076,0.2802685270081648,0.8838095238095238,0.8914285714285715,0.006629763225928297,0.0005234976413178303
small_network,800,0.08,3,tanh,0.25462414210506273,0.28024317292182965,0.8838095238095238,0.8914285714285715,0.00652622682800858,0.000515202149417425
larger_network,1,0.08,18,tanh,0.7201841381999586,0.6939860026639079,0.4895238095238095,0.5142857142857142,0.8942906161573978,0.07016389143087842
larger_network,10,0.08,18,tanh,0.43464443509803297,0.4482063273036057,0.88,0.8514285714285714,0.3906221936667679,0.03092838764570814
larger_network,20,0.08,18,tanh,0.36364026805284955,0.3838195223931609,0.8609523809523809,0.8342857142857143,0.22116773934734726,0.017547133205560072
larger_network,30,0.08,18,tanh,0.33513729628872085,0.35864467085677254,0.8590476190476191,0.8342857142857143,0.15978674909436183,0.01262813228528348
larger_network,40,0.08,18,tanh,0.31856395872187176,0.34477597188101516,0.8609523809523809,0.84,0.12881183678237412,0.010115336545851577
larger_network,50,0.08,18,tanh,0.3071960947370701,0.33559803683425726,0.8628571428571429,0.8514285714285714,0.10969563787141746,0.008536906646697578
larger_network,60,0.08,18,tanh,0.29868445636444896,0.32879578827610656,0.8723809523809524,0.8514285714285714,0.09652928425027818,0.007426179243097045
larger_network,70,0.08,18,tanh,0.2919510290158353,0.3233583177376665,0.8723809523809524,0.8514285714285714,0.08683507143553966,0.006592304736800706
larger_network,80,0.08,18,tanh,0.28641877510668007,0.31878384756677314,0.8761904761904762,0.8571428571428571,0.07934486315572788,0.005939603433864862
larger_network,90,0.08,18,tanh,0.28174848314856843,0.3148018950941114,0.88,0.8571428571428571,0.07332742847174342,0.00541285467742576
larger_network,100,0.08,18,tanh,0.27772721609934875,0.3112572475271224,0.8819047619047619,0.8685714285714285,0.06833235053199874,0.004977210598437143
larger_network,110,0.08,18,tanh,0.274214066439827,0.30805569520301895,0.8838095238095238,0.88,0.06407150761972946,0.004609429754765035
larger_network,120,0.08,18,tanh,0.27111136389194057,0.30513670394547676,0.8876190476190476,0.88,0.060356138139222644,0.004293462984773145
larger_network,130,0.08,18,tanh,0.26834846383693095,0.302458942994841,0.8895238095238095,0.88,0.05706043757837522,0.004017972571122546
larger_network,140,0.08,18,tanh,0.2658722214846817,0.2999923447350499,0.8952380952380953,0.8857142857142857,0.054099373980763255,0.0037748210049060983
larger_network,150,0.08,18,tanh,0.2636412079125414,0.29771363850615723,0.8952380952380953,0.8914285714285715,0.051414699845153976,0.0035580957020018814
larger_network,160,0.08,18,tanh,0.26162210357436483,0.29560379640694073,0.8933333333333333,0.8914285714285715,0.04896591363866325,0.003363453323570228
larger_network,170,0.08,18,tanh,0.25978739781009047,0.2936465580683862,0.8952380952380953,0.8914285714285715,0.04672430941786235,0.0031876662006846503
larger_network,180,0.08,18,tanh,0.2581138903416483,0.29182757462043696,0.8952380952380953,0.8914285714285715,0.044669004096953346,0.0030283024942313296
larger_network,190,0.08,18,tanh,0.25658169423703703,0.29013391103613406,0.8952380952380953,0.8971428571428571,0.04278426063486652,0.0028834980003981064
larger_network,200,0.08,18,tanh,0.25517355671205744,0.2885537558296783,0.8971428571428571,0.8971428571428571,0.041057678283156,0.002751792436524239
larger_network,210,0.08,18,tanh,0.25387438343562946,0.28707624950063443,0.8971428571428571,0.8971428571428571,0.03947897362999354,0.002632011952272779
larger_network,220,0.08,18,tanh,0.25267089421988964,0.2856913794876534,0.8952380952380953,0.8971428571428571,0.03803917003701788,0.002523185171918337
larger_network,230,0.08,18,tanh,0.25155136427525626,0.28438991099204414,0.8971428571428571,0.8971428571428571,0.036730071941372344,0.0024244836940179805
larger_network,240,0.08,18,tanh,0.25050542186895086,0.28316333600581806,0.8990476190476191,0.8971428571428571,0.035543938272776555,0.0023351804312573203
larger_network,250,0.08,18,tanh,0.24952388388360613,0.28200383069718554,0.8971428571428571,0.8971428571428571,0.03447329413889357,0.002254620904960069
larger_network,260,0.08,18,tanh,0.248598617611651,0.2809042159848746,0.8971428571428571,0.8971428571428571,0.033510836863511285,0.002182203868388745
larger_network,270,0.08,18,tanh,0.24772242149048324,0.27985791887819406,0.8971428571428571,0.8971428571428571,0.032649404356441085,0.0021173685691118194
larger_network,280,0.08,18,tanh,0.24688892024275647,0.2788589337134533,0.8990476190476191,0.8971428571428571,0.0318819824192275,0.0020595866640451634
larger_network,290,0.08,18,tanh,0.24609247159640885,0.2779017832421663,0.8990476190476191,0.8971428571428571,0.03120173402028119,0.0020083573302124556
larger_network,300,0.08,18,tanh,0.24532808279195165,0.27698147991442057,0.8990476190476191,0.8971428571428571,0.03060203846635786,0.001963204511234227
larger_network,310,0.08,18,tanh,0.2445913356876584,0.2760934878359544,0.8971428571428571,0.8971428571428571,0.0300765321657748,0.0019236755352926372
larger_network,320,0.08,18,tanh,0.24387831961093773,0.27523368587476615,0.8971428571428571,0.8971428571428571,0.029619145585075675,0.0018893405593641977
larger_network,330,0.08,18,tanh,0.24318557128396806,0.27439833232273403,0.8971428571428571,0.8971428571428571,0.02922413321983753,0.0018597924562543553
larger_network,340,0.08,18,tanh,0.2425100212425697,0.2735840314213011,0.8971428571428571,0.8971428571428571,0.028886095056536883,0.0018346468804401718
larger_network,350,0.08,18,tanh,0.24184894621210018,0.27278770196110086,0.8990476190476191,0.8971428571428571,0.028599989193144375,0.0018135423372132708
larger_network,360,0.08,18,tanh,0.24119992692830747,0.2720065480754543,0.8990476190476191,0.8971428571428571,0.02836113609438702,0.0017961401452809564
larger_network,370,0.08,18,tanh,0.24056081090873677,0.27123803227211557,0.900952380952381,0.8971428571428571,0.028165215458284737,0.001782124231567332
larger_network,380,0.08,18,tanh,0.23992967969855392,0.2704798506877228,0.900952380952381,0.8971428571428571,0.028008256932257378,0.001771200732443028
larger_network,390,0.08,18,tanh,0.23930482013642207,0.26972991050424877,0.9047619047619048,0.8971428571428571,0.02788662600171946,0.001763097400818577
larger_network,400,0.08,18,tanh,0.23868469921185892,0.26898630943449947,0.9047619047619048,0.8971428571428571,0.027797006335554066,0.001757562835558307
larger_network,410,0.08,18,tanh,0.2380679421146528,0.26824731716218214,0.9047619047619048,0.8971428571428571,0.02773637975606709,0.0017543655601828894
larger_network,420,0.08,18,tanh,0.23745331310827433,0.267511358609115,0.9047619047619048,0.8971428571428571,0.027702004841408667,0.001753292983250883
larger_network,430,0.08,18,tanh,0.23683969889157647,0.2667769988958253,0.9047619047619048,0.8971428571428571,0.027691394992396076,0.0017541502743882865
larger_network,440,0.08,18,tanh,0.23622609414532472,0.266042929860424,0.9047619047619048,0.8971428571428571,0.02770229662149515,0.0017567591887601886
larger_network,450,0.08,18,tanh,0.23561158899139148,0.26530795800288787,0.9047619047619048,0.8971428571428571,0.02773266796102283,0.0017609568697803588
larger_network,460,0.08,18,tanh,0.23499535812212308,0.2645709937266268,0.9047619047619048,0.8971428571428571,0.02778065884679888,0.0017665946557963621
larger_network,470,0.08,18,tanh,0.23437665138504832,0.2638310417556254,0.9047619047619048,0.8971428571428571,0.0278445917150648,0.0017735369119648101
larger_network,480,0.08,18,tanh,0.23375478563349103,0.263087192612857,0.9066666666666666,0.8971428571428571,0.027922943954480126,0.001781659903981226
larger_network,490,0.08,18,tanh,0.23312913767669333,0.2623386150536127,0.9066666666666666,0.8971428571428571,0.028014331679776388,0.001790850726049219
larger_network,500,0.08,18,tanh,0.23249913818375553,0.2615845493554904,0.9066666666666666,0.8971428571428571,0.028117494936716874,0.0018010062916461822
larger_network,510,0.08,18,tanh,0.23186426641415336,0.26082430137481816,0.9085714285714286,0.8971428571428571,0.028231284306559207,0.0018120323923586177
larger_network,520,0.08,18,tanh,0.23122404566392293,0.26005723728705327,0.9085714285714286,0.8971428571428571,0.028354648849439983,0.0018238428273445475
larger_network,530,0.08,18,tanh,0.23057803933099077,0.2592827789361036,0.9085714285714286,0.8971428571428571,0.02848662530739663,0.0018363586038131663
larger_network,540,0.08,18,tanh,0.22992584751573408,0.25850039972447925,0.9085714285714286,0.8971428571428571,0.028626328476829957,0.0018495072072449573
larger_network,550,0.08,18,tanh,0.22926710408387224,0.2577096209826734,0.9085714285714286,0.8971428571428571,0.028772942655160182,0.001863221938846402
larger_network,560,0.08,18,tanh,0.22860147412838613,0.25691000876217324,0.9085714285714286,0.8971428571428571,0.028925714065655403,0.0018774413168743675
larger_network,570,0.08,18,tanh,0.2279286517755046,0.2561011710020219,0.9085714285714286,0.8971428571428571,0.029083944166650222,0.0018921085379096363
larger_network,580,0.08,18,tanh,0.22724835828703344,0.25528275502389974,0.9085714285714286,0.8971428571428571,0.029246983755633484,0.0019071709938453783
larger_network,590,0.08,18,tanh,0.22656034041758197,0.25445444531529743,0.9085714285714286,0.8971428571428571,0.029414227784214878,0.0019225798402300522
larger_network,600,0.08,18,tanh,0.2258643689906725,0.253615961564535,0.9085714285714286,0.8971428571428571,0.029585110806215537,0.0019382896116188935
larger_network,610,0.08,18,tanh,0.2251602376624305,0.2527670569151725,0.9085714285714286,0.8971428571428571,0.02975910298765797,0.0019542578797049934
larger_network,620,0.08,18,tanh,0.22444776184562573,0.25190751641078685,0.9085714285714286,0.8971428571428571,0.029935706613964462,0.0019704449501886856
larger_network,630,0.08,18,tanh,0.22372677777036615,0.25103715560419054,0.9085714285714286,0.8971428571428571,0.03011445303601181,0.001986813594577688
larger_network,640,0.08,18,tanh,0.2229971416608078,0.2501558193079623,0.9085714285714286,0.8971428571428571,0.030294900002704902,0.002003328813370875
larger_network,650,0.08,18,tanh,0.22225872900989585,0.2492633804656839,0.9123809523809524,0.8971428571428571,0.03047662933334452,0.0020199576273511833
larger_network,660,0.08,18,tanh,0.2215114339364583,0.24835973912554943,0.9123809523809524,0.8971428571428571,0.030659244888236455,0.002036668893987161
larger_network,670,0.08,18,tanh,0.2207551686109782,0.24744482150006658,0.9123809523809524,0.8971428571428571,0.030842370800705444,0.0020534331462103944
larger_network,680,0.08,18,tanh,0.21998986273811277,0.24651857909741132,0.9123809523809524,0.8971428571428571,0.031025649937944762,0.002070222451092254
larger_network,690,0.08,18,tanh,0.21921546308555373,0.24558098791167043,0.9123809523809524,0.8971428571428571,0.031208742561967012,0.002087010286184694
larger_network,700,0.08,18,tanh,0.2184319330501496,0.24463204766070448,0.9142857142857143,0.8971428571428571,0.03139132516534911,0.002103771431514174
larger_network,710,0.08,18,tanh,0.2176392522533789,0.24367178106172357,0.9142857142857143,0.8971428571428571,0.03157308945951377,0.0021204818754244456
larger_network,720,0.08,18,tanh,0.21683741615928467,0.24270023313589417,0.9142857142857143,0.8971428571428571,0.03175374149599264,0.0021371187326525098
larger_network,730,0.08,18,tanh,0.21602643570888153,0.24171747053440193,0.9142857142857143,0.8971428571428571,0.03193300090350306,0.002153660173193272
larger_network,740,0.08,18,tanh,0.21520633696584057,0.2407235808794024,0.9142857142857143,0.8971428571428571,0.03211060022577364,0.0021700853606627097
larger_network,750,0.08,18,tanh,0.214377160768962,0.2397186721141962,0.9142857142857143,0.8971428571428571,0.03228628434690075,0.002186374399008057
larger_network,760,0.08,18,tanh,0.2135389623875682,0.2387028718577922,0.9142857142857143,0.8971428571428571,0.03245980999263807,0.0022025082865374983
larger_network,770,0.08,18,tanh,0.21269181117650854,0.23767632675976724,0.9142857142857143,0.8971428571428571,0.03263094529743829,0.0022184688763525265
larger_network,780,0.08,18,tanh,0.21183579022796176,0.23663920185201204,0.9142857142857143,0.8971428571428571,0.03279946942830331,0.002234238842364557
larger_network,790,0.08,18,tanh,0.21097099601767105,0.23559167989456706,0.9142857142857143,0.8971428571428571,0.03296517225757873,0.0022498016501649085
larger_network,800,0.08,18,tanh,0.21009753804364598,0.2345339607133149,0.9142857142857143,0.9028571428571428,0.03312785407776817,0.0022651415320949025
relu_balanced,1,0.04,10,relu,1.1294112648488632,1.1200854728531764,0.33904761904761904,0.26285714285714284,1.0403869583782603,0.039006152372400245
relu_balanced,10,0.04,10,relu,0.821961780831317,0.8235944248422107,0.29714285714285715,0.2914285714285714,0.7742314621076718,0.029384107858081415
relu_balanced,20,0.04,10,relu,0.6589658629726833,0.6701784822315859,0.46095238095238095,0.4228571428571429,0.4972693982076187,0.018929223798255936
relu_balanced,30,0.04,10,relu,0.5891947785802267,0.6047552986932226,0.5714285714285714,0.5885714285714285,0.3431970515684968,0.012778348267411676
relu_balanced,40,0.04,10,relu,0.5524542759861457,0.5702225848082025,0.7371428571428571,0.7428571428571429,0.2660564963478664,0.009453401085794672
relu_balanced,50,0.04,10,relu,0.5284546672160093,0.5476263082760753,0.7638095238095238,0.7885714285714286,0.2253046930453178,0.007530064841470527
relu_balanced,60,0.04,10,relu,0.5103199378853275,0.5304998908736075,0.7980952380952381,0.8057142857142857,0.20049572058940413,0.006307892243160869
relu_balanced,70,0.04,10,relu,0.49552197085518984,0.5163489445673729,0.8228571428571428,0.8228571428571428,0.18479289770817792,0.005501713942161572
relu_balanced,80,0.04,10,relu,0.4826965622789152,0.5039833862371819,0.8304761904761905,0.8285714285714286,0.17313864829839642,0.004924070930311089
relu_balanced,90,0.04,10,relu,0.4712455653823578,0.49283522579635003,0.8361904761904762,0.8285714285714286,0.1644743548771673,0.00452022811941348
relu_balanced,100,0.04,10,relu,0.46086421761766333,0.48270104304872186,0.8419047619047619,0.8285714285714286,0.15735146850657092,0.004215462828192906
relu_balanced,110,0.04,10,relu,0.45134166341375853,0.4734030342354234,0.8457142857142858,0.8285714285714286,0.15079671726367969,0.003964243127814711
relu_balanced,120,0.04,10,relu,0.4424788492119542,0.4648512652189093,0.8476190476190476,0.8285714285714286,0.14679980440545135,0.0038248109955266734
relu_balanced,130,0.04,10,relu,0.43414688557227066,0.45686128616630883,0.8476190476190476,0.8285714285714286,0.1423282176397877,0.003673235414371456
relu_balanced,140,0.04,10,relu,0.42630275015265356,0.4492787438716175,0.8495238095238096,0.8342857142857143,0.13760950144812512,0.0035202875960749723
relu_balanced,150,0.04,10,relu,0.4190346815134227,0.44211557315775435,0.8495238095238096,0.84,0.13187441633383065,0.003353459083665163
relu_balanced,160,0.04,10,relu,0.41218127237106145,0.4353414624009778,0.8533333333333334,0.84,0.13029149173636168,0.0033246205250539325
relu_balanced,170,0.04,10,relu,0.40554087589994725,0.42890212079749257,0.8571428571428571,0.84,0.12712140361402136,0.0032530067515339203
relu_balanced,180,0.04,10,relu,0.399258996788435,0.42280847720580855,0.8590476190476191,0.84,0.12339129331040197,0.003150510415452788
relu_balanced,190,0.04,10,relu,0.39321452548963853,0.41699483730659087,0.8609523809523809,0.84,0.1220173037760816,0.0031457683846176985
relu_balanced,200,0.04,10,relu,0.38738712935324454,0.41141016026047145,0.8666666666666667,0.84,0.11933979083955036,0.0030815810659310327
relu_balanced,210,0.04,10,relu,0.38178352455858866,0.40615720735422967,0.8685714285714285,0.84,0.11688258545781596,0.0030223506254933408
relu_balanced,220,0.04,10,relu,0.37654200758470596,0.40115430374603583,0.8685714285714285,0.84,0.11199601134395291,0.002837960210607588
relu_balanced,230,0.04,10,relu,0.371687808099643,0.3962764681601894,0.8704761904761905,0.84,0.10792529454861702,0.0027147079505056735
relu_balanced,240,0.04,10,relu,0.3671098890514442,0.3915862159077183,0.8704761904761905,0.8457142857142858,0.105233482286224,0.00263581094974412
relu_balanced,250,0.04,10,relu,0.36264131799645266,0.38710988502374466,0.8723809523809524,0.8514285714285714,0.10467899228456196,0.002639245036339871
relu_balanced,260,0.04,10,relu,0.35836461872575814,0.382817804993539,0.8723809523809524,0.8514285714285714,0.10095564240558924,0.0025021309266173596
relu_balanced,270,0.04,10,relu,0.3543821152285136,0.3787264787824498,0.8761904761904762,0.8514285714285714,0.09829548847492052,0.002414900937394238
relu_balanced,280,0.04,10,relu,0.35063914962273984,0.37481876916740364,0.878095238095238,0.8514285714285714,0.09472252019753091,0.002280755051980455
relu_balanced,290,0.04,10,relu,0.3471262644000232,0.37111437709501516,0.88,0.8514285714285714,0.09225048241919388,0.0022054452764689583
relu_balanced,300,0.04,10,relu,0.3437825245762054,0.36757708510255255,0.8819047619047619,0.8571428571428571,0.09052272604118776,0.002160312730718927
relu_balanced,310,0.04,10,relu,0.34059304778785415,0.3642754060469068,0.8819047619047619,0.8571428571428571,0.0880202775416178,0.002093169046591356
relu_balanced,320,0.04,10,relu,0.33758938647906994,0.3611528132096253,0.8819047619047619,0.8571428571428571,0.08528947145106246,0.0020086916332499923
relu_balanced,330,0.04,10,relu,0.334737614239852,0.3581630079991015,0.8838095238095238,0.8628571428571429,0.0833766838431654,0.001957154735497579
relu_balanced,340,0.04,10,relu,0.33200466607528467,0.3553128015489983,0.8838095238095238,0.8628571428571429,0.08226992695179124,0.0019450128166895396
relu_balanced,350,0.04,10,relu,0.32934534845607266,0.35258886787735366,0.8838095238095238,0.8628571428571429,0.08073939199586223,0.001908108809775897
relu_balanced,360,0.04,10,relu,0.3267816111577725,0.34995139932725694,0.8857142857142857,0.8571428571428571,0.07929017049882672,0.0018708639101293165
relu_balanced,370,0.04,10,relu,0.3243358643765504,0.3474415540153427,0.8857142857142857,0.8628571428571429,0.07711948063010833,0.0017999877257839534
relu_balanced,380,0.04,10,relu,0.32198003011965975,0.34502860703376925,0.8857142857142857,0.8685714285714285,0.07613490887386468,0.001781390168842798
relu_balanced,390,0.04,10,relu,0.3197147351288282,0.34271941649863236,0.8838095238095238,0.8742857142857143,0.07423916923294803,0.001720937365293518
relu_balanced,400,0.04,10,relu,0.3175576952785681,0.34050897793939733,0.8857142857142857,0.8742857142857143,0.07269220093003921,0.0016790692414824825
relu_balanced,410,0.04,10,relu,0.3154901977848421,0.33837493502515664,0.8857142857142857,0.8742857142857143,0.07111463217248028,0.0016399303543676708
relu_balanced,420,0.04,10,relu,0.3135003152031995,0.3363088372169844,0.8857142857142857,0.8742857142857143,0.06959958483090864,0.001602584295000172
relu_balanced,430,0.04,10,relu,0.311592213667978,0.33431567450832694,0.8857142857142857,0.8742857142857143,0.06849821084484609,0.0015815436058773226
relu_balanced,440,0.04,10,relu,0.3097432105623506,0.3323899799097706,0.8857142857142857,0.8742857142857143,0.06742465411578238,0.0015601252668321255
relu_balanced,450,0.04,10,relu,0.307954664536845,0.33051382426832615,0.8838095238095238,0.8742857142857143,0.0662572800042269,0.0015379531348386681
relu_balanced,460,0.04,10,relu,0.30622440155861325,0.3286914128080604,0.8819047619047619,0.8742857142857143,0.06523835585771248,0.00151725894980725
relu_balanced,470,0.04,10,relu,0.3045465195671281,0.3269249559212837,0.88,0.8742857142857143,0.06416760179725486,0.0014980617505989747
relu_balanced,480,0.04,10,relu,0.3029240165997017,0.32521918092710234,0.88,0.8742857142857143,0.06316509884908858,0.0014773286565896646
relu_balanced,490,0.04,10,relu,0.3013543000706246,0.32355509778005015,0.88,0.8742857142857143,0.06199537151564758,0.0014480523916750277
relu_balanced,500,0.04,10,relu,0.29983773854431756,0.321932511739983,0.88,0.8742857142857143,0.0611030693460434,0.0014321376974021525
relu_balanced,510,0.04,10,relu,0.2983663826861742,0.3203613935323881,0.88,0.88,0.06007008660523838,0.0014076155363550193
relu_balanced,520,0.04,10,relu,0.2969490967031714,0.3188202402942684,0.88,0.88,0.0590962612146013,0.0013848926093521965
relu_balanced,530,0.04,10,relu,0.29557386118255974,0.31732490187801454,0.8819047619047619,0.88,0.05821696666433439,0.00137375608963128
relu_balanced,540,0.04,10,relu,0.2942362395112964,0.3158744241441338,0.8819047619047619,0.88,0.05739970111870228,0.0013606108703666862
relu_balanced,550,0.04,10,relu,0.2929358230113113,0.31446173448068604,0.8819047619047619,0.88,0.05659675150445045,0.0013470493452191455
relu_balanced,560,0.04,10,relu,0.29167086805635706,0.31308573954022123,0.8819047619047619,0.88,0.05585215617444275,0.001334546664210909
relu_balanced,570,0.04,10,relu,0.29043996920597187,0.3117489010923498,0.8819047619047619,0.88,0.054995229834751816,0.0013235288398140332
relu_balanced,580,0.04,10,relu,0.28924594985560775,0.3104523626335288,0.8838095238095238,0.8857142857142857,0.054252514869617255,0.0013095882491483142
relu_balanced,590,0.04,10,relu,0.2880912069990623,0.30917466315865155,0.8838095238095238,0.8857142857142857,0.05329209183129206,0.0012864491813886691
relu_balanced,600,0.04,10,relu,0.28697033853674614,0.30792355916848935,0.8838095238095238,0.8857142857142857,0.05246871572734895,0.0012706794832868617
relu_balanced,610,0.04,10,relu,0.28588510987002425,0.30669895205684544,0.8838095238095238,0.8857142857142857,0.05165900021392595,0.001256594078161266
relu_balanced,620,0.04,10,relu,0.28483079678645057,0.30550576289997383,0.8838095238095238,0.8857142857142857,0.050990228292873224,0.0012485467581790353
relu_balanced,630,0.04,10,relu,0.28380981857181165,0.3043631802542118,0.8838095238095238,0.8857142857142857,0.050132396095431006,0.0012379872100266225
relu_balanced,640,0.04,10,relu,0.2828168115518272,0.30325476389613293,0.8838095238095238,0.8857142857142857,0.049483267192132065,0.0012288727915400499
relu_balanced,650,0.04,10,relu,0.28184890146562347,0.30217454277710376,0.8838095238095238,0.8857142857142857,0.048864965097454104,0.0012193198727835381
relu_balanced,660,0.04,10,relu,0.2809043655958822,0.30111939738962434,0.8838095238095238,0.8857142857142857,0.04829386772679572,0.001209427502702025
relu_balanced,670,0.04,10,relu,0.2799848419290042,0.30009357483596727,0.8838095238095238,0.8857142857142857,0.04761485746190838,0.0011998694854025702
relu_balanced,680,0.04,10,relu,0.2790878560914069,0.29909048112069964,0.8838095238095238,0.8857142857142857,0.04708372837900027,0.001189889181893547
relu_balanced,690,0.04,10,relu,0.2782109681433346,0.2981062104069151,0.8838095238095238,0.8857142857142857,0.046533466836022545,0.0011794938568175266
relu_balanced,700,0.04,10,relu,0.27735457944882197,0.29714125916899864,0.8838095238095238,0.8857142857142857,0.04599168521212322,0.0011691737498331705
relu_balanced,710,0.04,10,relu,0.2765192514647417,0.29619225515341246,0.8838095238095238,0.8857142857142857,0.04536200280325109,0.0011551043598782825
relu_balanced,720,0.04,10,relu,0.2757050580461241,0.2952598612153233,0.8838095238095238,0.8857142857142857,0.044838672362251975,0.0011462238517001273
relu_balanced,730,0.04,10,relu,0.27490912174383525,0.29434588748610574,0.8838095238095238,0.8857142857142857,0.04435723857685435,0.0011379826087694427
relu_balanced,740,0.04,10,relu,0.27413026508842175,0.293449172369922,0.8838095238095238,0.8857142857142857,0.043872955941694346,0.0011291283450180665
relu_balanced,750,0.04,10,relu,0.2733590138577847,0.2925910808561379,0.8838095238095238,0.8857142857142857,0.04400430596244539,0.0011341195997973655
relu_balanced,760,0.04,10,relu,0.2725960545143266,0.29174508127249477,0.8838095238095238,0.8857142857142857,0.0434182147243389,0.0011046026333690628
relu_balanced,770,0.04,10,relu,0.27185300418353553,0.29090539716477726,0.8838095238095238,0.88,0.04277892334347329,0.0010895832665388252
relu_balanced,780,0.04,10,relu,0.2711294272352343,0.29008403136372035,0.8838095238095238,0.88,0.04225138963746613,0.001077452047182919
relu_balanced,790,0.04,10,relu,0.2704216906399376,0.28927412178396905,0.8838095238095238,0.88,0.041863847286390685,0.0010704006209952622
relu_balanced,800,0.04,10,relu,0.26972742092817126,0.2884768206790129,0.8838095238095238,0.88,0.041365098301435296,0.0010599917163085643
